{
  "metrics": {
    "precision": 1.0,
    "recall": 1.0,
    "f1": 1.0,
    "fpr": 0.0,
    "latency": {
      "avg_ms": 0.010385800022049807,
      "p50_ms": 0.007450000339304097,
      "p99_ms": 0.01610000072105322
    }
  },
  "confusion_matrix": {
    "tp": 300,
    "fp": 0,
    "tn": 200,
    "fn": 0
  }
}